Event.Id,Investigation.Type,Accident.Number,Event.Date,Location,Country,Injury.Severity,Aircraft.damage,Aircraft.Category,Registration.Number,Make,Model,Amateur.Built,Number.of.Engines,Engine.Type,FAR.Description,Schedule,Purpose.of.flight,Air.carrier,Total.Fatal.Injuries,Total.Serious.Injuries,Total.Minor.Injuries,Total.Uninjured,Weather.Condition,Broad.phase.of.flight,Report.Status,Publication.Date
20020917X01657,Accident,ATL82DA027,1982-01-02,"CHAMBLEE, GA",United States,Non-Fatal,Substantial,Helicopter,N5745Y,Bell,206L-1,No,1.0,Turbo Shaft,Part 135: Air Taxi & Commuter,NSCH,Unknown,"Rocky Mountain Helicopters, In",0.0,0.0,0.0,1.0,VMC,Approach,Probable Cause,02-01-1983
20020917X02254,Accident,LAX82FA038,1982-01-04,"NEAR LAS VEGAS, NV",United States,Fatal(2),Destroyed,Airplane,N1956H,Piper,PA-34-200T,No,2.0,Reciprocating,Part 135: Air Taxi & Commuter,NSCH,Unknown,Lang Air Service,2.0,0.0,0.0,0.0,VMC,Cruise,Probable Cause,04-01-1983
20020917X01906,Accident,DCA82AA009,1982-01-05,"ITHACA, NY",United States,Fatal(2),Destroyed,Airplane,N546BA,Piper,PA-31,No,2.0,Reciprocating,Part 135: Air Taxi & Commuter,SCHD,Unknown,Empire Airlines,2.0,0.0,0.0,0.0,VMC,Approach,Probable Cause,05-01-1983
20020917X02156,Accident,LAX82DA037,1982-01-05,"SPRINGERVILLE, AZ",United States,Non-Fatal,Substantial,Airplane,N738XP,Cessna,TR182,No,1.0,Reciprocating,Part 135: Air Taxi & Commuter,NSCH,Unknown,Joel Frederick's Monarch Air,0.0,0.0,0.0,1.0,VMC,Taxi,Probable Cause,05-01-1983
20020917X01651,Accident,ANC82FA012,1982-01-05,"BETHEL, AK",United States,Non-Fatal,Substantial,Airplane,N3343S,Cessna,A185F,No,1.0,Reciprocating,Part 135: Air Taxi & Commuter,NSCH,Unknown,Executive Charter Service,0.0,2.0,0.0,0.0,VMC,Takeoff,Probable Cause,05-01-1983
20020917X01964,Accident,DEN82FA016,1982-01-07,"HELENA, MT",United States,Fatal(2),Destroyed,Airplane,N9763X,Cessna,210,No,1.0,Reciprocating,Part 135: Air Taxi & Commuter,NSCH,Unknown,Robert R. Hylton,2.0,0.0,0.0,0.0,VMC,Cruise,Probable Cause,07-01-1983
20020917X01623,Accident,ANC82DA013,1982-01-10,"QUINHAGAK, AK",United States,Non-Fatal,Substantial,Airplane,N756YN,Cessna,U206,No,1.0,Reciprocating,Part 135: Air Taxi & Commuter,NSCH,Unknown,Tri-city Air Service,0.0,0.0,3.0,0.0,VMC,Cruise,Probable Cause,10-01-1983
20020917X01765,Incident,ATL82IA034,1982-01-12,"CLARKSBURG, WV",United States,Incident,Minor,Airplane,N615KC,Embraer,EMB-110P1,No,2.0,Turbo Prop,Part 135: Air Taxi & Commuter,SCHD,Unknown,Aeromech Incorporated,0.0,0.0,0.0,2.0,VMC,Taxi,Probable Cause,12-01-1983
20020917X02575,Accident,SEA82DA017,1982-01-13,"SPOKANE, WA",United States,Non-Fatal,Substantial,Airplane,N36PB,Piper,PA-31-350,No,2.0,Reciprocating,Part 135: Air Taxi & Commuter,NSCH,Unknown,Richard Engstrom,0.0,0.0,0.0,2.0,IMC,Approach,Probable Cause,13-01-1983
20020917X02538,Accident,NYC82FA021,1982-01-15,"JAMAICA, NY",United States,Non-Fatal,Substantial,Airplane,N341PL,Swearingen,SA 226-TC,No,2.0,Turbo Prop,Part 135: Air Taxi & Commuter,SCHD,Unknown,Pocono Airlines,0.0,1.0,2.0,12.0,VMC,Takeoff,Probable Cause,15-01-1983
20020917X01625,Accident,ANC82DA015,1982-01-15,"NEAR NUIQSUT, AK",United States,Non-Fatal,Substantial,Airplane,N1459T,De Havilland,DHC-2-MK3,No,1.0,Turbo Prop,Part 135: Air Taxi & Commuter,NSCH,Unknown,"Sea Airmotive, Inc.",0.0,0.0,0.0,4.0,VMC,Landing,Probable Cause,15-01-1983
20020917X02096,Accident,FTW82FA041,1982-01-16,"HOUMA, LA",United States,Fatal(1),Destroyed,Helicopter,N1081H,Bell Helicopter,206L-1,No,1.0,Turbo Shaft,Part 135: Air Taxi & Commuter,NSCH,Unknown,Offshore Logistics,1.0,2.0,0.0,0.0,IMC,Cruise,Probable Cause,16-01-1983
20020917X02159,Accident,LAX82DA042,1982-01-17,"HONOLULU, HI",United States,Non-Fatal,Destroyed,Airplane,N21DR,Convair,440,No,2.0,Reciprocating,Part 135: Air Taxi & Commuter,SCHD,Unknown,Island Airlines Hawaii Inc.,0.0,0.0,2.0,1.0,VMC,Takeoff,Probable Cause,17-01-1983
20020917X02397,Accident,MIA82FA034,1982-01-19,"MIAMI, FL",United States,Non-Fatal,Substantial,Airplane,HCBHS,Canadair,CL-44D4,No,4.0,Turbo Prop,Part 129: Foreign,NSCH,Unknown,"Acroservicios Eduatorianos, C",0.0,0.0,0.0,6.0,VMC,Landing,Probable Cause,19-01-1983
20020917X01628,Accident,ANC82DA019,1982-01-19,"TUNTUTULIAK, AK",United States,Non-Fatal,Substantial,Airplane,N4246T,Piper,PA-32,No,1.0,Reciprocating,Part 135: Air Taxi & Commuter,NSCH,Unknown,Dennis L Gunder,0.0,0.0,0.0,2.0,VMC,Takeoff,Probable Cause,19-01-1983
20020917X02467,Accident,MKC82FA019,1982-01-21,"NORTH KANSAS CI, MO",United States,Fatal(1),Destroyed,Airplane,N4553Q,Cessna,402A,No,2.0,Reciprocating,Part 135: Air Taxi & Commuter,NSCH,Unknown,"Springdale Air Service, Inc.",1.0,0.0,0.0,0.0,IMC,Approach,Probable Cause,21-01-1983
20020917X01626,Accident,ANC82DA016,1982-01-21,"PORT GRAHAM, AK",United States,Non-Fatal,Destroyed,Airplane,N1729U,Cessna,207,No,1.0,Reciprocating,Part 135: Air Taxi & Commuter,NSCH,Unknown,Cook Inlet Aviation,0.0,0.0,1.0,0.0,VMC,Landing,Probable Cause,21-01-1983
20020917X01909,Accident,DCA82AA013,1982-01-23,"BOSTON, MA",United States,Fatal(2),Destroyed,Airplane,N113WA,Mcdonnell Douglas,DC-10-30,No,3.0,Turbo Fan,Part 121: Air Carrier,SCHD,Unknown,"World Airways, Inc.",2.0,4.0,24.0,182.0,IMC,Landing,Probable Cause,23-01-1983
20020917X01918,Accident,DEN82DA024,1982-01-26,"10MI. NW WALSEN, CO",United States,Non-Fatal,Substantial,Helicopter,N58214,Hughes,369D,No,1.0,Turbo Shaft,Part 135: Air Taxi & Commuter,NSCH,Unknown,Russell Lyon,0.0,0.0,2.0,2.0,VMC,Cruise,Probable Cause,26-01-1983
20020917X02325,Accident,LAX82FVM09,1982-01-28,"LOS GATOS, CA",United States,Fatal(1),Destroyed,Airplane,N32678,Piper,28-151,No,1.0,Reciprocating,Part 135: Air Taxi & Commuter,SCHD,Unknown,James Williams,1.0,0.0,0.0,0.0,IMC,Cruise,Probable Cause,28-01-1983
20020917X02580,Accident,SEA82DA023,1982-01-30,"SINCLAIR ISLAND, WA",United States,Non-Fatal,Substantial,Airplane,N53294,Cessna,172P,No,1.0,Reciprocating,Part 135: Air Taxi & Commuter,NSCH,Unknown,"West Isle Air, Inc.",0.0,0.0,0.0,3.0,IMC,Landing,Probable Cause,30-01-1983
20020917X02480,Accident,NYC82AA028,1982-02-01,"GROTON, CT",United States,Non-Fatal,Destroyed,Airplane,N451C,Beech,99,No,2.0,Turbo Prop,Part 135: Air Taxi & Commuter,SCHD,Unknown,Pilgrim Airlines,0.0,5.0,2.0,0.0,IMC,Approach,Probable Cause,01-02-1983
20020917X01922,Accident,DEN82DA028,1982-02-01,"ROCK SPRINGS, WY",United States,Non-Fatal,Substantial,Airplane,N8178F,Piper,PA-32,No,1.0,Reciprocating,Part 135: Air Taxi & Commuter,NSCH,Unknown,Alpine Aviation,0.0,1.0,0.0,0.0,IMC,Cruise,Probable Cause,01-02-1983
20020917X02539,Accident,NYC82FA029,1982-02-02,"NEWBURGH, NY",United States,Fatal(1),Destroyed,Airplane,N62481,Piper,PA-23-250,No,2.0,Reciprocating,Part 135: Air Taxi & Commuter,NSCH,Unknown,"Air Ventures, Inc.",1.0,0.0,0.0,0.0,IMC,Approach,Probable Cause,02-02-1983
20020917X01910,Accident,DCA82AA014,1982-02-03,"PHILADELPHIA, PA",United States,Non-Fatal,Minor,Airplane,N1814U,Mcdonnell-douglas,DC-10-10,No,3.0,Turbo Fan,Part 121: Air Carrier,SCHD,Unknown,United Airlines Inc.,0.0,1.0,0.0,154.0,IMC,Takeoff,Probable Cause,03-02-1983
20020917X01724,Accident,ATL82FA047,1982-02-05,"LAMBSBURG, VA",United States,Fatal(4),Destroyed,Airplane,N75225,Piper,PA-32R-300,No,1.0,Reciprocating,Part 135: Air Taxi & Commuter,NSCH,Unknown,Air Security Transport Corpora,4.0,0.0,0.0,0.0,IMC,Cruise,Probable Cause,05-02-1983
20020917X01627,Accident,ANC82DA018,1982-02-09,"FORT YUKON, AK",United States,Non-Fatal,Substantial,Airplane,N8456Q,Cessna,185,No,1.0,Reciprocating,Part 135: Air Taxi & Commuter,NSCH,Unknown,Wright Air Service,0.0,0.0,0.0,2.0,VMC,Taxi,Probable Cause,09-02-1983
20020917X02336,Incident,LAX82IA075,1982-02-15,"ONTARIO, CA",United States,Incident,Minor,Airplane,N73717,Boeing,B737-2H4,No,2.0,Turbo Jet,Part 121: Air Carrier,SCHD,Unknown,Aircal,0.0,0.0,0.0,119.0,IMC,Approach,Probable Cause,15-02-1983
20020917X01800,Accident,CHI82DA050,1982-02-15,"EAST SAINT LOUI, IL",United States,Non-Fatal,Substantial,Airplane,N7511L,Piper,PA-31-310,No,2.0,Reciprocating,Part 135: Air Taxi & Commuter,NSCH,Unknown,Ira D. Farrington,0.0,0.0,0.0,2.0,VMC,Landing,Probable Cause,15-02-1983
20020917X01911,Accident,DCA82AA015,1982-02-16,"KING SALMON, AK",United States,Non-Fatal,Substantial,Airplane,N169RV,Nihon,YS-11A,No,2.0,Turbo Prop,Part 121: Air Carrier,SCHD,Unknown,Reeve Aleutian,0.0,0.0,3.0,36.0,VMC,Approach,Probable Cause,16-02-1983
20020917X01968,Accident,DEN82FA034,1982-02-17,"MITCHELL, SD",United States,Non-Fatal,Substantial,Airplane,N5799Y,Piper,PA-23,No,2.0,Reciprocating,Part 135: Air Taxi & Commuter,NSCH,Unknown,Four Lakes Aviation Corp,0.0,0.0,0.0,6.0,IMC,Approach,Probable Cause,17-02-1983
20020917X02630,Incident,SEA82IA029,1982-02-18,"BOISE, ID",United States,Incident,Minor,Airplane,N101RA,Embraer,EMB-11OP1,No,2.0,Turbo Prop,Part 135: Air Taxi & Commuter,SCHD,Unknown,"Cascade Airways, Inc.",0.0,0.0,0.0,16.0,VMC,Takeoff,Probable Cause,18-02-1983
20020917X01885,Accident,CHI82FA059,1982-02-19,"OSHKOSH, WI",United States,Non-Fatal,Substantial,Airplane,N6761H,Cessna,404,No,2.0,Reciprocating,Part 135: Air Taxi & Commuter,NSCH,Unknown,Priester Aviation Service,0.0,0.0,0.0,7.0,IMC,Landing,Probable Cause,19-02-1983
20020917X01912,Accident,DCA82AA016,1982-02-21,"PROVIDENCE, RI",United States,Fatal(1),Destroyed,Airplane,N127PM,De Havilland,DHC-6,No,2.0,Turbo Prop,Part 135: Air Taxi & Commuter,SCHD,Unknown,Pilgrim Airlines,1.0,10.0,1.0,0.0,VMC,Cruise,Probable Cause,21-02-1983
20020917X01817,Accident,CHI82DA068,1982-02-22,"CLEVELAND, OH",United States,Non-Fatal,Substantial,Airplane,N8035J,Piper,PA-60,No,2.0,Reciprocating,Part 135: Air Taxi & Commuter,NSCH,Unknown,Air Continental Incorporated,0.0,0.0,0.0,1.0,VMC,Takeoff,Probable Cause,22-02-1983
20020917X02112,Accident,FTW82FPA11,1982-02-25,"DALLAS, TX",United States,Non-Fatal,Substantial,Airplane,N8517Z,Beech,D18S,No,2.0,Reciprocating,Part 135: Air Taxi & Commuter,NSCH,Unknown,Jim Billingsley,0.0,0.0,0.0,1.0,IMC,Approach,Probable Cause,25-02-1983
20020917X01770,Incident,ATL82IA060,1982-02-26,"ATLANTA, GA",United States,Incident,Minor,Airplane,N10AY,Beech,B90,No,2.0,Turbo Prop,Part 135: Air Taxi & Commuter,NSCH,Unknown,Hanger One,0.0,0.0,0.0,3.0,IMC,Landing,Probable Cause,26-02-1983
20020917X02025,Accident,FTW82DA075,1982-03-02,HIGH ISLAND BLK,HIGH ISLAND,Fatal(2),Destroyed,Helicopter,N63AL,Bell,206B,No,1.0,Turbo Shaft,Part 135: Air Taxi & Commuter,NSCH,Unknown,Air Logistics Inc.,2.0,0.0,0.0,0.0,VMC,Approach,Probable Cause,02-03-1983
20020917X02037,Accident,FTW82DA087,1982-03-03,"CROWNPOINT, NM",United States,Non-Fatal,Substantial,Airplane,N55550,Piper,PA-32-300,No,1.0,Reciprocating,Part 135: Air Taxi & Commuter,NSCH,Unknown,Window Rock Airways,0.0,0.0,0.0,3.0,VMC,Landing,Probable Cause,03-03-1983
20020917X01825,Accident,CHI82DA077,1982-03-04,"ELYRIA, OH",United States,Non-Fatal,Substantial,Airplane,N9530Q,Smith Aerostar,600,No,2.0,Reciprocating,Part 135: Air Taxi & Commuter,NSCH,Unknown,Air Continental Inc.,0.0,0.0,0.0,1.0,VMC,Takeoff,Probable Cause,04-03-1983
20020917X02308,Accident,LAX82FUQ10,1982-03-08,"CAPTINTERIA, CA",United States,Non-Fatal,Destroyed,Airplane,N7497J,Piper,PA-28R-180,No,1.0,Reciprocating,Part 135: Air Taxi & Commuter,NSCH,Unknown,Cal Air Charter,0.0,1.0,0.0,0.0,VMC,Climb,Probable Cause,08-03-1983
20020917X01829,Accident,CHI82DA081,1982-03-08,"GRAND MARAIS, MN",United States,Non-Fatal,Substantial,Airplane,N6625Y,Piper,PA-23 250,No,2.0,Reciprocating,Part 135: Air Taxi & Commuter,NSCH,Unknown,Northern Airmotive Inc,0.0,0.0,0.0,3.0,VMC,Approach,Probable Cause,08-03-1983
20020917X01899,Incident,CHI82IA082,1982-03-09,"SOUTH BEND, IN",United States,Incident,Minor,Airplane,N323BA,Swearingen,SA-266TC,No,2.0,Turbo Prop,Part 135: Air Taxi & Commuter,SCHD,Unknown,"Britt Airways, Inc",0.0,0.0,0.0,9.0,UNK,Maneuvering,Probable Cause,09-03-1983
20020917X02572,Incident,NYC82IA051,1982-03-11,"FLUSHING, NY",United States,Incident,Minor,Airplane,N26210,Nord Aviation,262A-12,No,2.0,Turbo Prop,Part 135: Air Taxi & Commuter,SCHD,Unknown,"Ransome Airlines, Inc",0.0,0.0,0.0,30.0,IMC,Climb,Probable Cause,11-03-1983
20020917X01716,Accident,ATL82DKW06A,1982-03-11,"NASHVILLE, TN",United States,Non-Fatal,Substantial,Airplane,N5253J,Cessna,310,No,2.0,Reciprocating,Part 135: Air Taxi & Commuter,NSCH,Unknown,Courier Service Inc.,0.0,0.0,0.0,2.0,IMC,Taxi,Probable Cause,11-03-1983
20020917X02548,Accident,NYC82FFJ12,1982-03-12,"SYRACUSE, NY",United States,Non-Fatal,Substantial,Airplane,N260BB,Piper,PA-32,No,1.0,Reciprocating,Part 135: Air Taxi & Commuter,NSCH,Unknown,Professional Pilots Inc.,0.0,0.0,5.0,0.0,IMC,Approach,Probable Cause,12-03-1983
20020917X01647,Accident,ANC82DAG17,1982-03-15,"PAXSON, AK",United States,Non-Fatal,Substantial,Airplane,N6978H,Cessna,185,No,1.0,Reciprocating,Part 135: Air Taxi & Commuter,NSCH,Unknown,W.t. Ellis,0.0,0.0,0.0,3.0,VMC,Taxi,Probable Cause,15-03-1983
20020917X01937,Accident,DEN82DA046,1982-03-16,"MARBLE, CO",United States,Non-Fatal,Substantial,Helicopter,N2169X,Bell,206B,No,1.0,Turbo Shaft,Part 135: Air Taxi & Commuter,NSCH,Unknown,"Luebell Helicopters, Inc",0.0,0.0,0.0,4.0,VMC,Approach,Probable Cause,16-03-1983
20020917X02276,Accident,LAX82FA111,1982-03-18,"SUNFLOWER, AZ",United States,Fatal(5),Destroyed,Airplane,N499W,Cessna,401,No,2.0,Reciprocating,Part 135: Air Taxi & Commuter,NSCH,Unknown,Air Security Transport Corp.,5.0,2.0,0.0,0.0,IMC,Climb,Probable Cause,18-03-1983
20020917X02278,Accident,LAX82FA117,1982-03-22,"NEAR BRIDEPORT, CA",United States,Non-Fatal,Destroyed,Helicopter,N9829C,Aerospatiale,SA316B,No,1.0,Turbo Shaft,Part 135: Air Taxi & Commuter,NSCH,Unknown,Mammoth Heli-ski Tioyabe Corp.,0.0,4.0,3.0,0.0,VMC,Climb,Probable Cause,22-03-1983
20020917X01900,Incident,CHI82IA102,1982-03-25,"KALAMAZO, MI",United States,Incident,Minor,Airplane,N20HR,Beech,65-88,No,2.0,Reciprocating,Part 135: Air Taxi & Commuter,SCHD,Unknown,Basler Airlines,0.0,0.0,0.0,2.0,VMC,Approach,Probable Cause,25-03-1983
20020917X02206,Accident,LAX82DA122,1982-03-26,"YUBA CITY, CA",United States,Non-Fatal,Substantial,Airplane,N69646,Cessna,310Q,No,2.0,Reciprocating,Part 135: Air Taxi & Commuter,NSCH,Unknown,Comet Airways Incorporated,0.0,0.0,0.0,3.0,VMC,Landing,Probable Cause,26-03-1983
20020917X01901,Incident,CHI82IA108,1982-03-30,"CHICAGO, IL",United States,Incident,Minor,Airplane,N62Z,Swearingen,SA226TC,No,2.0,Turbo Prop,Part 135: Air Taxi & Commuter,SCHD,Unknown,"Britt Airways, Inc.",0.0,0.0,0.0,18.0,VMC,Takeoff,Probable Cause,30-03-1983
20020917X01903,Incident,CHI82IA113,1982-04-05,"WAUKEGAN, IL",United States,Incident,Minor,Airplane,N69341,Cessna,402B,No,2.0,Reciprocating,Part 135: Air Taxi & Commuter,NSCH,Unknown,"Superior Air Service, Inc.",0.0,0.0,0.0,3.0,IMC,Approach,Probable Cause,05-04-1983
20020917X01904,Incident,CHI82IA117,1982-04-09,"YOUNGSTOWN, OH",United States,Incident,Minor,Airplane,N7627U,Boeing,727-200,No,3.0,Turbo Fan,Part 121: Air Carrier,SCHD,Unknown,United Airlines,0.0,0.0,0.0,108.0,IMC,Landing,Probable Cause,09-04-1983
20020917X01642,Accident,ANC82DA033,1982-04-09,"NEAR NIGHTMUTE, AK",United States,Non-Fatal,Substantial,Airplane,N9938M,Cessna,206,No,1.0,Reciprocating,Part 135: Air Taxi & Commuter,NSCH,Unknown,Western Yukon Air,0.0,0.0,1.0,0.0,IMC,Cruise,Probable Cause,09-04-1983
20020917X01654,Accident,ANC82FA036,1982-04-11,"NEAR TANANA, AK",United States,Fatal(3),Destroyed,Helicopter,N11058,Hughes,369D,No,1.0,Turbo Shaft,Part 135: Air Taxi & Commuter,NSCH,Unknown,"Tundra Copters, Inc.",3.0,0.0,0.0,0.0,VMC,Cruise,Probable Cause,11-04-1983
20020917X01643,Accident,ANC82DA034,1982-04-11,"MONTAGUE ISLAND, AK",United States,Non-Fatal,Substantial,Airplane,N28582,Piper,PA-32,No,1.0,Reciprocating,Part 135: Air Taxi & Commuter,NSCH,Unknown,Harbor Air Service,0.0,0.0,0.0,3.0,VMC,Takeoff,Probable Cause,11-04-1983
20020917X01774,Incident,ATL82IA109,1982-04-18,"ASHEVILLE, NC",United States,Incident,Minor,Airplane,N95WA,Beech,BE-99,No,2.0,Turbo Prop,Part 135: Air Taxi & Commuter,SCHD,Unknown,Wheeler Airlines,0.0,0.0,0.0,11.0,VMC,Takeoff,Probable Cause,18-04-1983
20020917X02079,Accident,FTW82DA139,1982-04-18,"AUSTIN, TX",United States,Non-Fatal,Substantial,Airplane,N32717,Boeing,727-200,No,3.0,Turbo Fan,Part 121: Air Carrier,SCHD,Unknown,"Continental Airlines, Inc.",0.0,0.0,0.0,68.0,VMC,Landing,Probable Cause,18-04-1983
20020917X02608,Accident,SEA82DA055,1982-04-19,"DARRINGTON, WA",United States,Non-Fatal,Substantial,Helicopter,N9131F,Hughes,500C,No,1.0,Turbo Prop,Part 135: Air Taxi & Commuter,NSCH,Unknown,Anthony B. Reece,0.0,0.0,0.0,4.0,VMC,Landing,Probable Cause,19-04-1983
20020917X02421,Incident,MIA82IA102,1982-04-20,"MIAMI, FL",United States,Incident,Minor,Airplane,N333EA,Lockheed,L-1011,No,3.0,Turbo Fan,Part 121: Air Carrier,SCHD,Unknown,"Eastern Airlines, Inc.",0.0,0.0,0.0,152.0,VMC,Landing,Probable Cause,20-04-1983
20020917X02107,Accident,FTW82FA145,1982-04-22,"INTRACOASTAL CI, LA",United States,Fatal(2),Destroyed,Helicopter,N5752W,Bell,212,No,2.0,Turbo Shaft,Part 135: Air Taxi & Commuter,NSCH,Unknown,"Rotor-aids, Inc.",2.0,1.0,0.0,9.0,IMC,Cruise,Probable Cause,22-04-1983
20020917X02228,Accident,LAX82DA147,1982-04-24,"GOLD STRIKE, NV",United States,Fatal(1),Minor,Helicopter,N5768Z,S.n.i.a.s.,AS350,No,1.0,Turbo Shaft,Part 135: Air Taxi & Commuter,NSCH,Unknown,"Bauer Helicopter, Inc",1.0,0.0,0.0,5.0,VMC,Standing,Probable Cause,24-04-1983
20020917X01976,Accident,DEN82FA074,1982-04-28,"HAKALAU, HI",United States,Fatal(2),Destroyed,Airplane,N6911,Beech,E18S,No,2.0,Reciprocating,Part 135: Air Taxi & Commuter,NSCH,Unknown,"Island Airlines Hawaii, Ltd.",2.0,0.0,0.0,0.0,VMC,Climb,Probable Cause,28-04-1983
20020917X01644,Accident,ANC82DA038,1982-04-29,"NEW STUYAHOK, AK",United States,Non-Fatal,Substantial,Airplane,N6274H,Cessna,207,No,1.0,Reciprocating,Part 135: Air Taxi & Commuter,NSCH,Unknown,Richard K. Armstrong,0.0,0.0,2.0,4.0,IMC,Takeoff,Probable Cause,29-04-1983
20020917X01775,Incident,ATL82IA121,1982-04-30,"ENTERPRISE, AL",United States,Incident,Minor,Airplane,N53RT,Piper,PA-31-350,No,2.0,Reciprocating,Part 135: Air Taxi & Commuter,NSCH,Unknown,Huntsville Aviation,0.0,0.0,0.0,7.0,VMC,Takeoff,Probable Cause,30-04-1983
20020917X03112,Accident,DEN82DA079,1982-05-06,"BISMARCK, ND",United States,Non-Fatal,Substantial,Airplane,N4504Q,Cessna,402A,No,2.0,Reciprocating,Part 135: Air Taxi & Commuter,NSCH,Unknown,Capital Aviation Corporation,0.0,0.0,0.0,8.0,VMC,Landing,Probable Cause,06-05-1983
20020917X03114,Accident,DEN82DA081,1982-05-08,"MEDICINE BOW, WY",United States,Non-Fatal,Substantial,Airplane,N6994C,Piper,PA-28R-200,No,1.0,Reciprocating,Part 135: Air Taxi & Commuter,NSCH,Unknown,Gillis Aviation,0.0,0.0,0.0,3.0,VMC,Takeoff,Probable Cause,08-05-1983
20020917X04016,Accident,NYC82FA091A,1982-05-12,"SANFORD, ME",United States,Non-Fatal,Substantial,Airplane,N53442,Cessna,172P,No,1.0,Reciprocating,Part 135: Air Taxi & Commuter,NSCH,Unknown,New England Aviation,0.0,2.0,1.0,1.0,VMC,Approach,Probable Cause,12-05-1983
20020917X03894,Incident,MKC82IA079,1982-05-13,"ST. LOUIS, MO",United States,Incident,Minor,Airplane,N2233Q,Cessna,402B,No,2.0,Reciprocating,Part 135: Air Taxi & Commuter,SCHD,Unknown,Trans Mo Airlines,0.0,0.0,0.0,8.0,VMC,Taxi,Probable Cause,13-05-1983
20020917X03256,Accident,FTW82DA175,1982-05-13,"PINEVILLE, LA",United States,Non-Fatal,Substantial,Airplane,N36546,Piper,PA-32RT-300,No,1.0,Reciprocating,Part 135: Air Taxi & Commuter,NSCH,Unknown,Modern Flying Serv. Inc.,0.0,0.0,0.0,1.0,VMC,Taxi,Probable Cause,13-05-1983
20020917X03259,Accident,FTW82DA178,1982-05-15,"CAMERON, LA",United States,Non-Fatal,Substantial,Helicopter,N2048X,Bell,206L-1,No,1.0,Turbo Shaft,Part 135: Air Taxi & Commuter,NSCH,Unknown,"Pumpkin Air, Inc.",0.0,0.0,0.0,2.0,VMC,Cruise,Probable Cause,15-05-1983
20020917X03101,Accident,DCA82AA022,1982-05-16,"HOOPER BAY, AK",United States,Non-Fatal,Destroyed,Airplane,N103AQ,De Havilland,DHC-6-200,No,2.0,Turbo Prop,Part 135: Air Taxi & Commuter,SCHD,Unknown,Gifford Aviation,0.0,8.0,0.0,0.0,VMC,Approach,Probable Cause,16-05-1983
20020917X03236,Incident,DEN82IA090,1982-05-18,"GILLETTE, WY",United States,Incident,Minor,Airplane,N114GA,Gulfstream American,G-159C,No,2.0,Turbo Prop,Part 121: Air Carrier,SCHD,Unknown,"U.s. Aviation, Inc./air U.s.,",0.0,0.0,0.0,21.0,VMC,Landing,Probable Cause,18-05-1983
20020917X02891,Incident,ATL82IA139,1982-05-23,"CHARLOTTE, NC",United States,Incident,Minor,Airplane,N88694,Cessna,404,No,2.0,Reciprocating,Part 135: Air Taxi & Commuter,SCHD,Unknown,Sunbird Airlines,0.0,0.0,0.0,2.0,VMC,Landing,Probable Cause,23-05-1983
20020917X02930,Accident,CHI82DA183,1982-05-25,"HOLLAND, MI",United States,Non-Fatal,Substantial,Airplane,N6187Q,Cessna,310R,No,2.0,Reciprocating,Part 135: Air Taxi & Commuter,NSCH,Unknown,"Business Aviation, Incorporati",0.0,0.0,0.0,6.0,VMC,Landing,Probable Cause,25-05-1983
20020917X03653,Accident,LAX82FA195,1982-05-26,"SAN FRANCISCO, CA",United States,Non-Fatal,Substantial,Airplane,N1833U,Douglas,DC10-10,No,3.0,Turbo Fan,Part 121: Air Carrier,SCHD,Unknown,United Airlines,0.0,0.0,25.0,113.0,VMC,Taxi,Probable Cause,26-05-1983
20020917X02638,Accident,ANC82DA042,1982-05-27,"OUZINKIE, AK",United States,Non-Fatal,Substantial,Airplane,N4877X,Cessna,U206,No,1.0,Reciprocating,Part 135: Air Taxi & Commuter,NSCH,Unknown,Robert F. Stanford,0.0,0.0,0.0,1.0,VMC,Approach,Probable Cause,27-05-1983
20020917X03629,Accident,LAX82DUG12,1982-05-28,"PALM SPRINGS, CA",United States,Non-Fatal,Minor,Airplane,N1009R,Swearingen,SA226-TC,No,2.0,Turbo Prop,Part 135: Air Taxi & Commuter,SCHD,Unknown,Sunaire,0.0,1.0,0.0,5.0,VMC,Standing,Probable Cause,28-05-1983
20020917X03282,Accident,FTW82DA201,1982-05-29,HIGH ISLAND 389,HIGH ISLAND,Non-Fatal,Destroyed,Helicopter,N1070D,Bell,206L-1,No,1.0,Turbo Shaft,Part 135: Air Taxi & Commuter,NSCH,Unknown,Houston Helicopters,0.0,0.0,0.0,4.0,VMC,Landing,Probable Cause,29-05-1983
20020917X02893,Incident,ATL82IA159,1982-06-02,"ASHEBORO, NC",United States,Incident,Minor,Airplane,N59749,Piper,PA-31-325,No,2.0,Reciprocating,Part 135: Air Taxi & Commuter,NSCH,Unknown,Clarence Roberts/roberts Avia.,0.0,0.0,0.0,5.0,VMC,Cruise,Probable Cause,02-06-1983
20020917X03873,Accident,MKC82FA095,1982-06-04,"WICHITA, KS",United States,Non-Fatal,Substantial,Airplane,N190BT,Beech,65-90,Yes,2.0,Turbo Prop,Part 135: Air Taxi & Commuter,NSCH,Unknown,"Midwest Piper Flight, Inc",0.0,0.0,0.0,3.0,VMC,Takeoff,Probable Cause,04-06-1983
20020917X02838,Accident,ATL82FA161,1982-06-11,"HAZARD, KY",United States,Non-Fatal,Destroyed,Helicopter,N5781Z,Aerospatiale,AS350D,No,1.0,Turbo Shaft,Part 135: Air Taxi & Commuter,NSCH,Unknown,"Kentucky Helicopters, Inc.",0.0,1.0,2.0,1.0,VMC,Maneuvering,Probable Cause,11-06-1983
20020917X02751,Accident,ATL82DA165,1982-06-15,"MYRTLE BEACH, SC",United States,Non-Fatal,Destroyed,Airplane,N1691W,Beech,A36,No,1.0,Reciprocating,Part 135: Air Taxi & Commuter,NSCH,Unknown,Grand Strand Aviation Inc,0.0,0.0,1.0,0.0,VMC,Descent,Probable Cause,15-06-1983
20020917X02713,Incident,ANC82IA048,1982-06-16,"NEAR PORT HEIDE, AK",United States,Incident,Minor,Airplane,N525N,De Havilland,DHC-6-100,No,2.0,Turbo Prop,Part 135: Air Taxi & Commuter,NSCH,Unknown,"Sea Airmotive, Inc.",0.0,0.0,0.0,10.0,VMC,Cruise,Probable Cause,16-06-1983
20020917X02644,Accident,ANC82DA049,1982-06-17,"NEAR EKWOK, AK",United States,Non-Fatal,Substantial,Airplane,N9561K,Piper,PA-32-300,No,1.0,Reciprocating,Part 135: Air Taxi & Commuter,NSCH,Unknown,Armstrong Air Service,0.0,0.0,0.0,4.0,VMC,Cruise,Probable Cause,17-06-1983
20020917X03661,Accident,LAX82FA224,1982-06-18,"FRESNO, CA",United States,Non-Fatal,Destroyed,Airplane,N74JT,Beech,H-18,Yes,2.0,Reciprocating,Part 135: Air Taxi & Commuter,NSCH,Unknown,West States Air Taxi,0.0,0.0,0.0,1.0,VMC,Takeoff,Probable Cause,18-06-1983
20020917X02645,Accident,ANC82DA050,1982-06-18,"NEAR CHINITNA B, AK",United States,Fatal(1),Destroyed,Airplane,N4212Q,Cessna,185F,No,1.0,Reciprocating,Part 135: Air Taxi & Commuter,NSCH,Unknown,Alaska North Flying Service,1.0,0.0,0.0,2.0,VMC,Standing,Probable Cause,18-06-1983
20020917X03207,Accident,DEN82FA106,1982-06-21,"DILLON, MT",United States,Non-Fatal,Destroyed,Helicopter,N47271,Aerospatiale,SA-315B,No,1.0,Turbo Shaft,Part 135: Air Taxi & Commuter,NSCH,Unknown,"Hoskings Helicopter, Inc.",0.0,3.0,1.0,0.0,VMC,Maneuvering,Probable Cause,21-06-1983
20020917X03666,Accident,LAX82FA232,1982-06-23,"DARDANELLE, CA",United States,Fatal(3),Destroyed,Helicopter,N6456,Aerospatiale,SA-316B,No,1.0,Turbo Shaft,Part 135: Air Taxi & Commuter,NSCH,Unknown,"Continental Helicopters, Inc.",3.0,0.0,0.0,0.0,VMC,Maneuvering,Probable Cause,23-06-1983
20020917X04056,Accident,NYC82FNA17,1982-06-23,"HYANNIS, MA",United States,Non-Fatal,Substantial,Helicopter,N3601U,S.n.i.a.s.,SA-330J,No,2.0,Turbo Shaft,Part 135: Air Taxi & Commuter,NSCH,Unknown,Petroleum Helicopters,0.0,0.0,0.0,13.0,VMC,Climb,Probable Cause,23-06-1983
20020917X04105,Accident,SEA82DA098,1982-06-29,"GLACIER BAY, AK",United States,Non-Fatal,Substantial,Airplane,N2947N,Piper,PA-32-300,No,1.0,Reciprocating,Part 135: Air Taxi & Commuter,NSCH,Unknown,Layton A. Bennet,0.0,0.0,0.0,5.0,VMC,Cruise,Probable Cause,29-06-1983
20020917X03330,Accident,FTW82DA253,1982-06-30,"LUBBOCK, TX",United States,Non-Fatal,Substantial,Airplane,N91CA,Beech,E18S,No,2.0,Reciprocating,Part 135: Air Taxi & Commuter,NSCH,Unknown,"Coker Airfreight, Inc.",0.0,0.0,1.0,0.0,VMC,Landing,Probable Cause,30-06-1983
20020917X03146,Accident,DEN82DA122,1982-06-30,"LAS ANIMAS, CO",United States,Non-Fatal,Substantial,Airplane,N2745B,Cessna,340,No,2.0,Turbo Prop,Part 135: Air Taxi & Commuter,NSCH,Unknown,Colorado Corporate Charters,0.0,0.0,0.0,4.0,VMC,Approach,Probable Cause,30-06-1983
20020917X02650,Accident,ANC82DA057,1982-07-02,"NOME, AK",United States,Non-Fatal,Substantial,Airplane,N39MN,Britten-norman,BN-2A,No,2.0,Reciprocating,Part 135: Air Taxi & Commuter,SCHD,Unknown,"Munz Northern Airlines, Inc.",0.0,0.0,0.0,1.0,VMC,Takeoff,Probable Cause,02-07-1983
20020917X03670,Accident,LAX82FA242,1982-07-03,"GRAND CANYON, AZ",United States,Non-Fatal,Substantial,Helicopter,N4778R,Bell,206B,No,1.0,Turbo Shaft,Part 135: Air Taxi & Commuter,NSCH,Unknown,"Grand Canyon Helicopters, Inc.",0.0,0.0,0.0,5.0,VMC,Cruise,Probable Cause,03-07-1983
20020917X04180,Incident,SEA82IA101,1982-07-05,"BOISE, ID",United States,Incident,Minor,Airplane,N919RW,Douglas,DC-9-31,No,2.0,Turbo Fan,Part 121: Air Carrier,SCHD,Unknown,"Republic Airlines West, Inc.",0.0,0.0,0.0,84.0,VMC,Takeoff,Probable Cause,05-07-1983
20020917X03153,Accident,DEN82DA130,1982-07-07,"MEETEETSE, WY",United States,Non-Fatal,Destroyed,Helicopter,N67081,Aerospatiale,SA316B,No,1.0,Turbo Shaft,Part 135: Air Taxi & Commuter,NSCH,Unknown,Hawkins And Powers Helicopters,0.0,5.0,2.0,0.0,VMC,Approach,Probable Cause,07-07-1983
20020917X04109,Accident,SEA82DA104,1982-07-08,"51 NM ESE YAKUT, AK",United States,Non-Fatal,Destroyed,Airplane,N1119X,Piper,PA-32-300,No,1.0,Reciprocating,Part 135: Air Taxi & Commuter,NSCH,Unknown,L.a.b. Flying Service,0.0,0.0,2.0,0.0,VMC,Maneuvering,Probable Cause,08-07-1983
20020917X03351,Accident,FTW82DA275A,1982-07-09,"AUSTIN, TX",United States,Non-Fatal,Substantial,Airplane,N87280,Cessna,402B,No,2.0,Reciprocating,Part 135: Air Taxi & Commuter,SCHD,Unknown,"Kitty Hawk Airways, Inc.",0.0,2.0,0.0,1.0,VMC,Approach,Probable Cause,09-07-1983
20020917X02651,Accident,ANC82DA058,1982-07-09,"ELIM, AK",United States,Non-Fatal,Substantial,Airplane,N7745Q,Cessna,310,No,1.0,Reciprocating,Part 135: Air Taxi & Commuter,NSCH,Unknown,Seward Peninsula Flying Svc,0.0,0.0,0.0,3.0,VMC,Takeoff,Probable Cause,09-07-1983
20020917X02704,Accident,ANC82FA056,1982-07-10,"38 SE BARROW, AK",United States,Non-Fatal,Substantial,Helicopter,N59572,Bell,212,No,2.0,Turbo Shaft,Part 135: Air Taxi & Commuter,NSCH,Unknown,Kenai Air Alaska Inc.,0.0,0.0,3.0,3.0,VMC,Cruise,Probable Cause,10-07-1983
20020917X04156,Accident,SEA82FA111,1982-07-14,"OXBOW, OR",United States,Fatal(4),Destroyed,Airplane,N8230U,Cessna,172F,No,1.0,Reciprocating,Part 135: Air Taxi & Commuter,NSCH,Unknown,Hell's Canyon Navigation Compa,4.0,0.0,0.0,0.0,VMC,Go-around,Probable Cause,14-07-1983
20020917X03357,Accident,FTW82DA281,1982-07-14,"SABINE, TX",United States,Non-Fatal,Substantial,Helicopter,N116AL,Bell,206B,No,1.0,Turbo Shaft,Part 135: Air Taxi & Commuter,NSCH,Unknown,Air Logistics,0.0,0.0,0.0,3.0,VMC,Cruise,Probable Cause,14-07-1983
20020917X03515,Accident,LAX82AA259,1982-07-16,"MORTON, WY",United States,Non-Fatal,Minor,Airplane,N1815U,Mcdonnell Douglas,DC-10-10,No,3.0,Turbo Fan,Part 121: Air Carrier,SCHD,Unknown,United Airlines,0.0,7.0,19.0,142.0,VMC,Cruise,Probable Cause,16-07-1983
20020917X03681,Accident,LAX82FA267,1982-07-19,"NEAR INYOKERN, CA",United States,Non-Fatal,Destroyed,Airplane,N1378L,Cessna,T337H,No,2.0,Reciprocating,Part 135: Air Taxi & Commuter,NSCH,Unknown,Agritill Leasing Co.,0.0,2.0,0.0,0.0,VMC,Maneuvering,Probable Cause,19-07-1983
20020917X03361,Accident,FTW82DA285,1982-07-19,GULF OF MEXICO,GULF OF MEXICO,Non-Fatal,Substantial,Helicopter,N5771L,Aerospatiale,AS-350D,No,1.0,Turbo Shaft,Part 135: Air Taxi & Commuter,NSCH,Unknown,"Petroleum Helicopter, Inc.",0.0,0.0,0.0,2.0,VMC,Cruise,Probable Cause,19-07-1983
20020917X03895,Incident,MKC82IA128,1982-07-20,"FENTON, MO",United States,Incident,Minor,Airplane,N3606B,Beech,E18S,No,2.0,Reciprocating,Part 135: Air Taxi & Commuter,NSCH,Unknown,"Executive Aviation, Inc.",0.0,0.0,0.0,1.0,VMC,Landing,Probable Cause,20-07-1983
20020917X04159,Accident,SEA82FA129,1982-07-24,"11NM EAST OF SI, AK",United States,Fatal(4),Destroyed,Airplane,N9682Q,Cessna,A185F,No,1.0,Reciprocating,Part 135: Air Taxi & Commuter,NSCH,Unknown,Bellair,4.0,0.0,0.0,0.0,VMC,Cruise,Probable Cause,24-07-1983
20020917X03969,Accident,NYC82DA164,1982-07-24,"JAMAICA, NY",United States,Non-Fatal,Substantial,Airplane,N9426E,Cessna,172N,No,1.0,Reciprocating,Part 135: Air Taxi & Commuter,NSCH,Unknown,East Hampton Flight Service,0.0,0.0,1.0,4.0,VMC,Taxi,Probable Cause,24-07-1983
20020917X04067,Incident,NYC82IA170,1982-07-28,"FLUSHING, NY",United States,Incident,Minor,Airplane,N64323,Boeing,727-231,No,3.0,Turbo Fan,Part 121: Air Carrier,SCHD,Unknown,Trans World Airlines,0.0,0.0,0.0,129.0,IMC,Approach,Probable Cause,28-07-1983
20020917X03169,Accident,DEN82DA147,1982-07-28,"BRYCE CANYON, UT",United States,Non-Fatal,Substantial,Helicopter,N88389,Bell,UH1B,No,1.0,Turbo Shaft,Part 135: Air Taxi & Commuter,NSCH,Unknown,Beartooth,0.0,0.0,0.0,1.0,VMC,Approach,Probable Cause,28-07-1983
20020917X02655,Accident,ANC82DA063,1982-07-28,"MCKINLEY NAT'L., AK",United States,Non-Fatal,Substantial,Airplane,N3093T,Piper,PA-32-300,No,1.0,Reciprocating,Part 135: Air Taxi & Commuter,NSCH,Unknown,Denali Flying Service,0.0,0.0,4.0,1.0,VMC,Maneuvering,Probable Cause,28-07-1983
20020917X03239,Incident,DEN82IA150,1982-07-30,"NEAR WINTER PAR, CO",United States,Incident,Minor,Helicopter,N49556,Aerospatiale,350D,No,1.0,Turbo Shaft,Part 135: Air Taxi & Commuter,NSCH,Unknown,Jerry Lynn Noland,0.0,0.0,0.0,4.0,VMC,Maneuvering,Probable Cause,30-07-1983
20020917X03377,Accident,FTW82DA302,1982-07-30,"EL PASO, TX",United States,Non-Fatal,Substantial,Airplane,N102BL,Douglas,DC-3C,No,2.0,Reciprocating,Part 135: Air Taxi & Commuter,NSCH,Unknown,Pronto Aviation Services,0.0,0.0,2.0,1.0,VMC,Takeoff,Probable Cause,30-07-1983
20020917X04026,Accident,NYC82FA181,1982-08-04,"CONCORD, NH",United States,Fatal(2),Destroyed,Airplane,N81786,Piper,PA-28-161,No,1.0,Reciprocating,Part 135: Air Taxi & Commuter,NSCH,Unknown,"Coastal Air Services, Inc.",2.0,0.0,0.0,0.0,IMC,Approach,Probable Cause,04-08-1983
20020917X02849,Accident,ATL82FA229,1982-08-04,"RALEIGH, NC",United States,Non-Fatal,Destroyed,Airplane,N4076W,Piper,PA-32-260,No,1.0,Reciprocating,Part 135: Air Taxi & Commuter,NSCH,Unknown,Fast Eddie's Flying Service,0.0,1.0,0.0,0.0,VMC,Takeoff,Probable Cause,04-08-1983
20020917X03240,Incident,DEN82IA154,1982-08-05,"DENVER, CO",United States,Incident,Minor,Airplane,N7356F,Boeing,737-291,No,2.0,Turbo Fan,Part 121: Air Carrier,SCHD,Unknown,"Frontier Airlines, Inc.",0.0,0.0,0.0,102.0,VMC,Takeoff,Probable Cause,05-08-1983
20020917X03397,Accident,FTW82DA323,1982-08-08,"GRAND ISLE, LA",United States,Non-Fatal,Destroyed,Helicopter,N59504,Bell,206B,No,1.0,Turbo Shaft,Part 135: Air Taxi & Commuter,NSCH,Unknown,Petroleum Helicopter,0.0,1.0,0.0,0.0,VMC,Landing,Probable Cause,08-08-1983
20020917X03876,Accident,MKC82FA149,1982-08-20,"KANSAS CITY, MO",United States,Non-Fatal,Substantial,Airplane,N237AM,Swearingen,SA226TC,No,2.0,Turbo Prop,Part 135: Air Taxi & Commuter,SCHD,Unknown,Air Midwest,0.0,0.0,0.0,12.0,VMC,Approach,Probable Cause,20-08-1983
20020917X03729,Incident,LAX82IA309,1982-08-21,"HONOLULU, HI",United States,Incident,Minor,Airplane,N104WA,Mcdonnell Douglas,DC-10-30F,No,3.0,Turbo Fan,Part 121: Air Carrier,SCHD,Unknown,"World Airways, Inc.",0.0,0.0,0.0,393.0,VMC,Takeoff,Probable Cause,21-08-1983
20020917X02668,Accident,ANC82DA080,1982-08-25,"NEAR DILLINGHAM, AK",United States,Non-Fatal,Substantial,Airplane,N7989C,Piper,PA-32,No,1.0,Reciprocating,Part 135: Air Taxi & Commuter,NSCH,Unknown,Peter Reichard,0.0,0.0,0.0,7.0,VMC,Takeoff,Probable Cause,25-08-1983
20020917X04161,Accident,SEA82FA149,1982-08-27,"BOISE, ID",United States,Non-Fatal,Destroyed,Airplane,N7306U,Cessna,T207A,No,1.0,Reciprocating,Part 135: Air Taxi & Commuter,NSCH,Unknown,Salmon Air Taxi,0.0,0.0,3.0,4.0,VMC,Takeoff,Probable Cause,27-08-1983
20020917X02667,Accident,ANC82DA078,1982-08-30,"EGEGIK, AK",United States,Non-Fatal,Destroyed,Airplane,N1084X,Piper,PA-32-300,No,1.0,Reciprocating,Part 135: Air Taxi & Commuter,NSCH,Unknown,"Peninsula Airways, Inc.",0.0,0.0,0.0,3.0,VMC,Takeoff,Probable Cause,30-08-1983
20020917X03038,Accident,CHI82DA316,1982-08-30,"CHICAGO, IL",United States,Non-Fatal,Substantial,Airplane,N38RM,Beech,G18S,No,2.0,Reciprocating,Part 135: Air Taxi & Commuter,NSCH,Unknown,Viking Express Inc,0.0,0.0,0.0,1.0,VMC,Takeoff,Probable Cause,30-08-1983
20020917X04732,Accident,LAX82DA330,1982-09-02,"LIHUE, HI",United States,Non-Fatal,Destroyed,Helicopter,N59358,Bell,206-L,No,1.0,Turbo Shaft,Part 135: Air Taxi & Commuter,NSCH,Unknown,Papillon Helicopters Limited,0.0,2.0,3.0,0.0,VMC,Maneuvering,Probable Cause,02-09-1983
20020917X04254,Accident,ATL82DA262,1982-09-02,"DARLINGTON, SC",United States,Non-Fatal,Substantial,Airplane,N28311,Grumman,AA5B,No,1.0,Reciprocating,Part 135: Air Taxi & Commuter,NSCH,Unknown,Raleigh Flying Service,0.0,0.0,0.0,2.0,VMC,Landing,Probable Cause,02-09-1983
20020917X04214,Accident,ANC82FAA14,1982-09-02,"FAIRBANKS, AK",United States,Non-Fatal,Substantial,Airplane,N3299Q,Cessna,402,No,2.0,Reciprocating,Part 135: Air Taxi & Commuter,SCHD,Unknown,Greg Hawes,0.0,0.0,0.0,6.0,VMC,Takeoff,Probable Cause,02-09-1983
20020917X04184,Accident,ANC82DA083,1982-09-05,"NEAR KIPNUK, AK",United States,Non-Fatal,Substantial,Airplane,N76078,Cessna,207A,No,1.0,Reciprocating,Part 135: Air Taxi & Commuter,SCHD,Unknown,"Bethel Ventures,inc.",0.0,0.0,0.0,1.0,VMC,Cruise,Probable Cause,05-09-1983
20020917X04398,Accident,CHI82DA346,1982-09-08,"HOLLAND, MI",United States,Non-Fatal,Substantial,Airplane,N54847,Piper,PA-23-250,No,2.0,Reciprocating,Part 135: Air Taxi & Commuter,NSCH,Unknown,Franklin Flying Service,0.0,0.0,0.0,1.0,VMC,Taxi,Probable Cause,08-09-1983
20020917X04738,Accident,LAX82DA336,1982-09-09,"RIVERSIDE, CA",United States,Non-Fatal,Substantial,Airplane,N7349U,Cessna,T207A,No,1.0,Reciprocating,Part 135: Air Taxi & Commuter,NSCH,Unknown,Airway Express Inc.,0.0,0.0,2.0,0.0,IMC,Go-around,Probable Cause,09-09-1983
20020917X04597,Accident,FTW82DA373,1982-09-10,"TOMBALL, TX",United States,Non-Fatal,Substantial,Airplane,N3980A,Cessna,310R,No,2.0,Reciprocating,Part 135: Air Taxi & Commuter,NSCH,Unknown,Thomas R. Mcelhenney,0.0,0.0,0.0,5.0,VMC,Landing,Probable Cause,10-09-1983
20020917X04526,Incident,DEN82IA192,1982-09-13,"DENVER, CO",United States,Incident,Minor,Airplane,N5471M,Fairchild/swearingen,SA226TC,No,2.0,Turbo Prop,Part 135: Air Taxi & Commuter,NSCH,Unknown,Air Midwest,0.0,0.0,0.0,5.0,VMC,Other,Probable Cause,13-09-1983
20020917X05123,Accident,SEA82FA163,1982-09-14,"MAHONEY CREEK, ID",United States,Fatal(2),Destroyed,Airplane,N5157G,De Havilland,DHC-II,No,1.0,Reciprocating,Part 135: Air Taxi & Commuter,NSCH,Unknown,James F. Searles,2.0,0.0,0.0,0.0,VMC,Approach,Probable Cause,14-09-1983
20020917X04764,Accident,LAX82FA344,1982-09-14,"GRAND CANYON, AZ",United States,Non-Fatal,Substantial,Airplane,N59SA,Cessna,402,No,2.0,Reciprocating,Part 135: Air Taxi & Commuter,SCHD,Unknown,Scenic Airlines Inc.,0.0,1.0,6.0,3.0,VMC,Cruise,Probable Cause,14-09-1983
20020917X04509,Accident,DEN82DA196,1982-09-15,"KEMMERER, WY",United States,Non-Fatal,Substantial,Airplane,N8317Q,Cessna,U206F,No,1.0,Reciprocating,Part 135: Air Taxi & Commuter,NSCH,Unknown,Air Express Corporation,0.0,0.0,0.0,1.0,VMC,Takeoff,Probable Cause,15-09-1983
20020917X04211,Accident,ANC82FA091,1982-09-17,"NEAR NONDALTON, AK",United States,Fatal(4),Destroyed,Airplane,N33249,Robertson,C-U206F,No,1.0,Reciprocating,Part 135: Air Taxi & Commuter,NSCH,Unknown,Lake Clark Flying Service,4.0,1.0,0.0,0.0,VMC,Takeoff,Probable Cause,17-09-1983
20020917X04405,Accident,CHI82DA355,1982-09-17,"INDIANAPOLIS, IN",United States,Non-Fatal,Substantial,Airplane,N730M,Beech,G18S,No,2.0,Reciprocating,Part 135: Air Taxi & Commuter,SCHD,Unknown,"Indianapolis Air Charter, Inc.",0.0,0.0,0.0,1.0,VMC,Takeoff,Probable Cause,17-09-1983
20020917X05116,Accident,SEA82DA167,1982-09-18,"42NM ESE OF YAK, AK",United States,Non-Fatal,Substantial,Airplane,N80632,Cessna,U206A,No,1.0,Reciprocating,Part 135: Air Taxi & Commuter,NSCH,Unknown,Gulf Air Taxi,0.0,0.0,0.0,2.0,VMC,Takeoff,Probable Cause,18-09-1983
20020917X04513,Accident,DEN82DA202,1982-09-21,"LANGDON, ND",United States,Non-Fatal,Substantial,Airplane,N8107X,Piper,PA-34,No,2.0,Reciprocating,Part 135: Air Taxi & Commuter,NSCH,Unknown,Thunderbird Aviation,0.0,0.0,0.0,4.0,VMC,Takeoff,Probable Cause,21-09-1983
20020917X05047,Accident,NYC82FA230,1982-09-22,"NEW YORK, NY",United States,Fatal(1),Minor,Helicopter,N2772H,Bell,222,No,2.0,Turbo Shaft,Part 135: Air Taxi & Commuter,NSCH,Unknown,"Omniflight Airways, Inc.",1.0,0.0,0.0,6.0,VMC,Standing,Probable Cause,22-09-1983
20020917X04193,Accident,ANC82DA096,1982-09-23,"NENANA, AK",United States,Non-Fatal,Substantial,Airplane,N3974G,Cessna,U206,No,1.0,Reciprocating,Part 135: Air Taxi & Commuter,NSCH,Unknown,Cyril D. Hetherington,0.0,0.0,0.0,1.0,VMC,Landing,Probable Cause,23-09-1983
20020917X04413,Accident,CHI82DA367,1982-09-26,"BEDFORD PARK, IL",United States,Non-Fatal,Substantial,Airplane,N1728U,Cessna,207,No,1.0,Reciprocating,Part 135: Air Taxi & Commuter,NSCH,Unknown,Air Freight Express,0.0,0.0,0.0,1.0,VMC,Cruise,Probable Cause,26-09-1983
20020917X04755,Accident,LAX82DA363,1982-09-29,"BIG SUR, CA",United States,Non-Fatal,Substantial,Airplane,N6718X,Beech,76,No,2.0,Reciprocating,Part 135: Air Taxi & Commuter,NSCH,Unknown,Altair,0.0,0.0,0.0,4.0,VMC,Cruise,Probable Cause,29-09-1983
20020917X04633,Incident,FTW82IA401,1982-09-30,"INTRACOASTAL CI, LA",United States,Incident,Minor,Helicopter,N2091E,Bell,214ST,No,2.0,Turbo Shaft,Part 135: Air Taxi & Commuter,NSCH,Unknown,Petroleum Helicopters Inc.,0.0,0.0,0.0,20.0,VMC,Cruise,Probable Cause,30-09-1983
20020917X04217,Incident,ANC82IA103,1982-09-30,"KENAI, AK",United States,Incident,Minor,Airplane,N61366,Piper,PA31-350,No,2.0,Reciprocating,Part 135: Air Taxi & Commuter,SCHD,Unknown,Southcentral Air Inc.,0.0,0.0,0.0,7.0,VMC,Approach,Probable Cause,30-09-1983
20020917X04291,Accident,ATL83FA003,1982-10-04,"DYERSBURG, TN",United States,Non-Fatal,Substantial,Airplane,N1ET,Piper,PA-31-310,No,2.0,Reciprocating,Part 135: Air Taxi & Commuter,NSCH,Unknown,Midwest Air Svcs. Inc.,0.0,0.0,5.0,0.0,VMC,Descent,Probable Cause,04-10-1983
20020917X04552,Accident,DEN83LA003,1982-10-07,"ROCK SPRINGS, WY",United States,Non-Fatal,Substantial,Airplane,N6169Z,Cessna,TU206G,No,1.0,Reciprocating,Part 135: Air Taxi & Commuter,NSCH,Unknown,"Cowboy Air Service, Inc.",0.0,0.0,0.0,5.0,VMC,Landing,Probable Cause,07-10-1983
20020917X05154,Accident,SEA83LA012,1982-10-08,"40 NM WNW SALMO, ID",United States,Non-Fatal,Substantial,Airplane,N5183U,Cessna,206,No,1.0,Reciprocating,Part 135: Air Taxi & Commuter,NSCH,Unknown,Linn Air Service,0.0,0.0,0.0,3.0,VMC,Takeoff,Probable Cause,08-10-1983
20020917X04293,Accident,ATL83FA009,1982-10-08,"ALLENDALE, SC",United States,Non-Fatal,Substantial,Airplane,N958MC,Beech,58,No,2.0,Reciprocating,Part 135: Air Taxi & Commuter,NSCH,Unknown,"Grand Strand Aviation, Inc.",0.0,0.0,0.0,2.0,VMC,Cruise,Probable Cause,08-10-1983
20020917X04780,Accident,LAX83FA002,1982-10-15,"PALM SPRINGS, CA",United States,Non-Fatal,Substantial,Airplane,N63SA,Swearingen,SA-226TC,No,2.0,Turbo Prop,Part 135: Air Taxi & Commuter,SCHD,Unknown,Borrego Springs Airline,0.0,0.0,1.0,17.0,VMC,Standing,Probable Cause,15-10-1983
20020917X04455,Accident,CHI83LA021,1982-10-17,"INDIANAPOLIS, IN",United States,Non-Fatal,Substantial,Airplane,N173MA,Swearingen,SA227-AC,No,2.0,Turbo Prop,Part 135: Air Taxi & Commuter,SCHD,Unknown,Miostates Airlines,0.0,0.0,0.0,8.0,VMC,Taxi,Probable Cause,17-10-1983
20020917X04495,Incident,DCA83IA002,1982-10-18,"HOUSTON, TX",United States,Incident,Minor,Airplane,N536TX,Douglas,DC-9-30,No,2.0,Turbo Fan,Part 121: Air Carrier,SCHD,Unknown,Texas International,0.0,0.0,0.0,65.0,VMC,Takeoff,Probable Cause,18-10-1983
20020917X04638,Accident,FTW83FA017B,1982-10-18,GULF OF MEXICO,GULF OF MEXICO,Fatal(3),Destroyed,Helicopter,N9914K,Bell,206B,Yes,1.0,Turbo Shaft,Part 135: Air Taxi & Commuter,NSCH,Unknown,"Petroleum Helicopters, Inc.",3.0,0.0,0.0,0.0,VMC,Cruise,Probable Cause,18-10-1983
20020917X04638,Accident,FTW83FA017A,1982-10-18,GULF OF MEXICO,GULF OF MEXICO,Fatal(3),Destroyed,Helicopter,N55AL,Bell,206B,Yes,1.0,Turbo Shaft,Part 135: Air Taxi & Commuter,NSCH,Unknown,Air Logistics,3.0,0.0,0.0,0.0,VMC,Cruise,Probable Cause,18-10-1983
20020917X04906,Accident,MIA83FA017,1982-10-20,MISSING ACFT,MISSING,Fatal(8),Destroyed,Airplane,N777AA,Piper,PA-31,No,2.0,Reciprocating,Part 135: Air Taxi & Commuter,NSCH,Unknown,"Carib Air Service, Inc.",8.0,0.0,0.0,0.0,UNK,Unknown,Probable Cause,20-10-1983
20020917X04335,Incident,ATL83IA018,1982-10-28,"CLARKSVILLE, TN",United States,Incident,Minor,Airplane,N4099A,Beech,B99,No,2.0,Turbo Prop,Part 135: Air Taxi & Commuter,SCHD,Unknown,Air Kentucky Airline,0.0,0.0,0.0,2.0,VMC,Landing,Probable Cause,28-10-1983
20020917X04459,Accident,CHI83LA028,1982-10-28,"COLUMBUS, OH",United States,Non-Fatal,Substantial,Airplane,N7850Y,Piper,PA-30,No,2.0,Reciprocating,Part 135: Air Taxi & Commuter,NSCH,Unknown,Raf Aviation,0.0,0.0,0.0,2.0,VMC,Taxi,Probable Cause,28-10-1983
20020917X04231,Accident,ANC83LA009,1982-10-29,"STONY RIVER, AK",United States,Non-Fatal,Substantial,Airplane,N9982X,Cessna,185,No,1.0,Reciprocating,Part 135: Air Taxi & Commuter,NSCH,Unknown,Jack R. Smith,0.0,0.0,0.0,2.0,VMC,Landing,Probable Cause,29-10-1983
20020917X04225,Incident,ANC83IA010,1982-11-01,"BARROW, AK",United States,Incident,Minor,Airplane,N50DA,Short Bros.,SC7 SERIES 3,No,2.0,Turbo Prop,Part 135: Air Taxi & Commuter,NSCH,Unknown,Cape Smythe Air Service Inc.,0.0,0.0,1.0,2.0,VMC,Approach,Probable Cause,01-11-1983
20020917X05056,Accident,NYC83FA016,1982-11-01,"MEADVILLE, PA",United States,Non-Fatal,Substantial,Airplane,N402DL,Cessna,402B,No,2.0,Reciprocating,Part 135: Air Taxi & Commuter,NSCH,Unknown,"Darne, Inc.",0.0,0.0,0.0,3.0,VMC,Landing,Probable Cause,01-11-1983
20020917X04219,Accident,ANC83FA012,1982-11-04,"NELSON LAGOON, AK",United States,Non-Fatal,Substantial,Airplane,N4752C,Fairchild,C-82,No,2.0,Reciprocating,Part 121: Air Carrier,NSCH,Unknown,"Northern Air Cargo, Inc.",0.0,2.0,0.0,0.0,VMC,Approach,Probable Cause,04-11-1983
20020917X04855,Accident,LAX83LA026,1982-11-05,"SAN FRANCISCO, CA",United States,Non-Fatal,Substantial,Airplane,N65SA,Swearingen,SA-226TC,No,2.0,Turbo Prop,Part 135: Air Taxi & Commuter,SCHD,Unknown,Nevada National Leasing Co.,0.0,0.0,2.0,2.0,VMC,Takeoff,Probable Cause,05-11-1983
20020917X04972,Accident,MKC83FA017,1982-11-08,"NORFOLK, NE",United States,Fatal(1),Destroyed,Airplane,N715GA,Grumman American,GA-7,No,2.0,Reciprocating,Part 135: Air Taxi & Commuter,NSCH,Unknown,"Mid-plains Flight, Corp.",1.0,0.0,1.0,0.0,IMC,Approach,Probable Cause,08-11-1983
20020917X04786,Accident,LAX83FA033,1982-11-10,"COALING, CA",United States,Non-Fatal,Destroyed,Airplane,N3035M,Piper,PA-28R-201T,No,1.0,Reciprocating,Part 135: Air Taxi & Commuter,NSCH,Unknown,"Flight East, Inc.",0.0,0.0,0.0,1.0,VMC,Cruise,Probable Cause,10-11-1983
20020917X04238,Accident,ANC83LA018,1982-11-11,"NEAR SEWARD, AK",United States,Non-Fatal,Substantial,Airplane,N4082W,Piper,PA-32-300,No,1.0,Reciprocating,Part 135: Air Taxi & Commuter,NSCH,Unknown,Harbor Air Service,0.0,0.0,0.0,4.0,VMC,Landing,Probable Cause,11-11-1983
20020917X04287,Accident,ATL83AA029,1982-11-12,"BREVARD, NC",United States,Fatal(1),Destroyed,Airplane,N59771,Piper,PA-31-350,No,2.0,Reciprocating,Part 135: Air Taxi & Commuter,NSCH,Unknown,Hill-williford Aviation,1.0,0.0,0.0,0.0,VMC,Descent,Probable Cause,12-11-1983
20020917X05094,Accident,NYC83LA028,1982-11-13,"WEST MIFFLIN, PA",United States,Non-Fatal,Substantial,Helicopter,N72590,Aerospatiale,SA316B,No,1.0,Turbo Shaft,Part 135: Air Taxi & Commuter,NSCH,Unknown,"Life Flight, Allegheny General",0.0,0.0,0.0,3.0,VMC,Maneuvering,Probable Cause,13-11-1983
20020917X04338,Incident,ATL83IA034,1982-11-16,"HUNTSVILLE, AL",United States,Incident,Minor,Airplane,N5BA,Beech,G18S,No,2.0,Reciprocating,Part 135: Air Taxi & Commuter,NSCH,Unknown,Bo-s-aire,0.0,0.0,0.0,2.0,VMC,Descent,Probable Cause,16-11-1983
20020917X04534,Accident,DEN83FA021,1982-11-18,"DENVER, CO",United States,Non-Fatal,Substantial,Airplane,N68056,Mcdonald Douglas,DC-10,No,3.0,Turbo Fan,Part 121: Air Carrier,SCHD,Unknown,"Continental Air Lines, Inc.",0.0,0.0,0.0,136.0,VMC,Standing,Probable Cause,18-11-1983
20020917X04705,Accident,FTW83LA040,1982-11-19,"PORT O'CONNOR, TX",United States,Non-Fatal,Substantial,Helicopter,N16659,Bell,206B,No,1.0,Turbo Shaft,Part 135: Air Taxi & Commuter,NSCH,Unknown,Houston Helicopters Inc.,0.0,0.0,0.0,3.0,IMC,Approach,Probable Cause,19-11-1983
20020917X04302,Accident,ATL83FA039,1982-11-20,"ATLANTA, GA",United States,Non-Fatal,Destroyed,Airplane,N5058E,Aero Commander,680W,No,2.0,Turbo Prop,Part 135: Air Taxi & Commuter,NSCH,Unknown,Astro Wings Airlines,0.0,2.0,0.0,0.0,IMC,Cruise,Probable Cause,20-11-1983
20020917X04566,Accident,DEN83LA022,1982-11-20,"NEAR KALISPELL, MT",United States,Non-Fatal,Substantial,Helicopter,N5011G,Bell,206B,No,1.0,Turbo Shaft,Part 135: Air Taxi & Commuter,NSCH,Unknown,Mountain West Helicopters,0.0,0.0,0.0,4.0,VMC,Maneuvering,Probable Cause,20-11-1983
20020917X04669,Incident,FTW83IA044,1982-11-22,"LITTLE ROCK, AR",United States,Incident,Minor,Airplane,N846AA,Boeing,727-223,No,3.0,Turbo Fan,Part 121: Air Carrier,SCHD,Unknown,American Airlines,0.0,0.0,0.0,23.0,IMC,Landing,Probable Cause,22-11-1983
20020917X04307,Accident,ATL83FA046,1982-11-23,"CULLMAN, AL",United States,Fatal(2),Destroyed,Airplane,N18411,Beech,95-B55,No,2.0,Reciprocating,Part 135: Air Taxi & Commuter,NSCH,Unknown,Central American Inter'l Inc.,2.0,0.0,0.0,0.0,IMC,Takeoff,Probable Cause,23-11-1983
20020917X05165,Accident,SEA83LA025,1982-11-26,"GUSTAVUS, AK",United States,Non-Fatal,Substantial,Airplane,N6104J,Piper,PA-32R-300,No,1.0,Reciprocating,Part 135: Air Taxi & Commuter,SCHD,Unknown,Layton A . Bennett,0.0,0.0,0.0,1.0,VMC,Takeoff,Probable Cause,26-11-1983
20020917X04910,Accident,MIA83FA036,1982-11-27,"MIAMI, FL",United States,Non-Fatal,Substantial,Airplane,HK284,Boeing,707-323C,No,4.0,Turbo Fan,Part 129: Foreign,SCHD,Unknown,Aerotal Ltda.,0.0,0.0,0.0,116.0,VMC,Takeoff,Probable Cause,27-11-1983
20020917X05097,Accident,NYC83LA036,1982-11-30,"NEW HAVEN, CT",United States,Non-Fatal,Substantial,Airplane,N141PM,Fokker,F-27-100,No,2.0,Turbo Prop,Part 135: Air Taxi & Commuter,SCHD,Unknown,Pilgrim Airlines,0.0,0.0,0.0,20.0,VMC,Taxi,Probable Cause,30-11-1983
20020917X05062,Accident,NYC83FA037,1982-12-01,"DOUGLASSVILLE, PA",United States,Fatal(3),Destroyed,Airplane,N32750,Piper,PA-32-260,No,1.0,Reciprocating,Part 135: Air Taxi & Commuter,NSCH,Unknown,"Basco Flying Service, Inc.",3.0,2.0,0.0,0.0,IMC,Go-around,Probable Cause,01-12-1983
20020917X04572,Accident,DEN83LA029,1982-12-01,"MILES CITY, MT",United States,Non-Fatal,Substantial,Airplane,N30RA,Cessna,310R,No,2.0,Reciprocating,Part 135: Air Taxi & Commuter,SCHD,Unknown,Philip O. Petrik,0.0,0.0,0.0,5.0,IMC,Landing,Probable Cause,01-12-1983
20020917X04712,Accident,FTW83LA050,1982-12-02,"VENICE, LA",United States,Non-Fatal,Substantial,Airplane,N1829R,Cessna,185,No,1.0,Reciprocating,Part 135: Air Taxi & Commuter,NSCH,Unknown,Southern Seaplanes,0.0,0.0,0.0,1.0,VMC,Takeoff,Probable Cause,02-12-1983
20020917X04915,Incident,MIA83IA043,1982-12-06,"SARASOTA, FL",United States,Incident,Minor,Airplane,N8871Z,Boeing,727-225,No,3.0,Turbo Fan,Part 121: Air Carrier,SCHD,Unknown,"Eastern Airlines, Inc.",0.0,0.0,0.0,21.0,VMC,Takeoff,Probable Cause,06-12-1983
20020917X04528,Accident,DEN83AA032,1982-12-07,"PUEBLO, CO",United States,Fatal(2),Destroyed,Airplane,N30093,Swearingen,SA-227AC,No,2.0,Turbo Prop,Part 135: Air Taxi & Commuter,SCHD,Unknown,Pioneer Airlines,2.0,0.0,0.0,0.0,IMC,Descent,Probable Cause,07-12-1983
20020917X04341,Incident,ATL83IA054,1982-12-07,"CHAMBLEE, GA",United States,Incident,Minor,Airplane,N153TG,Gulfstream American,G-159,No,2.0,Turbo Prop,Part 121: Air Carrier,NSCH,Unknown,Orion Airlines,0.0,0.0,0.0,3.0,VMC,Takeoff,Probable Cause,07-12-1983
20020917X04494,Accident,DCA83AA009,1982-12-07,"CHANTILLY, VA",United States,Non-Fatal,Substantial,Airplane,N126AV,Swearingen,SA-226TC,No,2.0,Turbo Prop,Part 135: Air Taxi & Commuter,SCHD,Unknown,"Flt America, Inc",0.0,0.0,0.0,6.0,VMC,Landing,Probable Cause,07-12-1983
20020917X05129,Accident,SEA83AA028,1982-12-09,"NEAR KLAWOCK, AK",United States,Fatal(8),Destroyed,Airplane,N68081,De Havilland,DHC-2,No,1.0,Reciprocating,Part 135: Air Taxi & Commuter,SCHD,Unknown,"Tyee Airlines, Inc.",8.0,0.0,0.0,0.0,VMC,Maneuvering,Probable Cause,09-12-1983
20020917X04988,Incident,MKC83IA035,1982-12-13,"WICHITA, KS",United States,Incident,Minor,Airplane,N85BH,Beech,100,No,2.0,Turbo Prop,Part 135: Air Taxi & Commuter,NSCH,Unknown,"Ozark Skyways, Inc.",0.0,0.0,0.0,10.0,VMC,Cruise,Probable Cause,13-12-1983
20020917X04434,Accident,CHI83FA059,1982-12-15,"DEFIANCE, OH",United States,Fatal(2),Destroyed,Airplane,N297EB,Cessna,T210,No,1.0,Reciprocating,Part 135: Air Taxi & Commuter,NSCH,Unknown,"Custom Air Transport,inc.",2.0,0.0,0.0,0.0,IMC,Approach,Probable Cause,15-12-1983
20020917X04979,Accident,MKC83FA038,1982-12-16,"DEWITT, NE",United States,Non-Fatal,Substantial,Airplane,N6855F,Piper,PA-32R-300,No,1.0,Reciprocating,Part 135: Air Taxi & Commuter,NSCH,Unknown,"Heartland Enterprises, Inc.",0.0,0.0,0.0,5.0,IMC,Cruise,Probable Cause,16-12-1983
20020917X04243,Accident,ANC83LA024,1982-12-18,"NEAR PORT ALSWO, AK",United States,Non-Fatal,Substantial,Airplane,N94DC,De Havilland,DHC-2,No,1.0,Reciprocating,Part 135: Air Taxi & Commuter,NSCH,Unknown,Alvin D. Carrell,0.0,0.0,0.0,5.0,VMC,Landing,Probable Cause,18-12-1983
20020917X05102,Accident,NYC83LA046,1982-12-20,"GASPORT, NY",United States,Non-Fatal,Substantial,Airplane,N12WB,Beech,56TC,No,2.0,Reciprocating,Part 135: Air Taxi & Commuter,NSCH,Unknown,"Van Air,inc.",0.0,0.0,0.0,1.0,IMC,Takeoff,Probable Cause,20-12-1983
20020917X04577,Accident,DEN83LA036,1982-12-20,"GILLETTE, WY",United States,Non-Fatal,Substantial,Airplane,N2671V,Swearingen,SA-227AC,No,2.0,Turbo Prop,Part 135: Air Taxi & Commuter,SCHD,Unknown,Pioneer Airlines,0.0,0.0,0.0,5.0,VMC,Takeoff,Probable Cause,20-12-1983
20020917X04378,Accident,ATL83LA069,1982-12-20,"COLUMBIA, SC",United States,Non-Fatal,Substantial,Airplane,N41336,Piper,PA-34-200,No,2.0,Reciprocating,Part 135: Air Taxi & Commuter,NSCH,Unknown,"Bankair, Inc.",0.0,0.0,0.0,1.0,VMC,Landing,Probable Cause,20-12-1983
20020917X05143,Incident,SEA83IA034,1982-12-22,"KLAMATH FALLS, OR",United States,Incident,Minor,Airplane,N5475M,Swearingen,SA-226TC,No,2.0,Turbo Prop,Part 135: Air Taxi & Commuter,SCHD,Unknown,Gatx Third Aircraft Corp.,0.0,0.0,0.0,11.0,IMC,Takeoff,Probable Cause,22-12-1983
20020917X04672,Incident,FTW83IA086,1982-12-26,"MEMPHIS, TN",United States,Incident,Minor,Airplane,N6810,Boeing,727-223,No,3.0,Turbo Fan,Part 121: Air Carrier,SCHD,Unknown,American Airlines,0.0,0.0,0.0,58.0,IMC,Go-around,Probable Cause,26-12-1983
20020917X04537,Accident,DEN83FA040,1982-12-27,"ASPEN, CO",United States,Fatal(1),Destroyed,Airplane,N5301J,Cessna,404,No,2.0,Reciprocating,Part 135: Air Taxi & Commuter,NSCH,Unknown,Gregory Murnane Murnane Aviati,1.0,3.0,3.0,0.0,VMC,Takeoff,Probable Cause,27-12-1983
20020917X04913,Accident,MIA83FA054,1982-12-30,"FT. LAUDERDALE, FL",United States,Fatal(1),Destroyed,Airplane,N4055C,Cessna,310R,No,2.0,Reciprocating,Part 135: Air Taxi & Commuter,NSCH,Unknown,"Skytel Aviaton, Inc.",1.0,0.0,0.0,0.0,VMC,Takeoff,Probable Cause,30-12-1983
20020917X04728,Accident,FTW83LA074,1982-12-31,"HOUSTON, TX",United States,Non-Fatal,Substantial,Airplane,N6610Y,Cessna,210N,No,1.0,Reciprocating,Part 135: Air Taxi & Commuter,NSCH,Unknown,Air Exchange,0.0,0.0,0.0,1.0,VMC,Cruise,Probable Cause,31-12-1983
20020917X04581,Accident,DEN83LA043,1982-12-31,"11MI. SO.OFTELL, CO",United States,Non-Fatal,Substantial,Helicopter,N2750D,Bell,206B,No,1.0,Turbo Shaft,Part 135: Air Taxi & Commuter,NSCH,Unknown,North American Helicopter Svc.,0.0,0.0,1.0,4.0,VMC,Landing,Probable Cause,31-12-1983
20020917X04248,Accident,ANC83LA038,1982-12-31,"NUNAPITCHUK, AK",United States,Non-Fatal,Substantial,Airplane,N4246T,Piper,PA-32,No,1.0,Reciprocating,Part 135: Air Taxi & Commuter,NSCH,Unknown,Delaire Charter Service,0.0,0.0,0.0,7.0,VMC,Takeoff,Probable Cause,31-12-1983
20001211X14270,Accident,DCA92MA025,1992-03-22,"FLUSHING, NY",United States,Fatal(27),Destroyed,Airplane,N485US,Fokker,28-4000,No,2.0,Turbo Fan,Part 121: Air Carrier,SCHD,Unknown,"Usair, Inc.",27.0,9.0,12.0,3.0,IMC,Takeoff,Probable Cause,14-02-2018
20001211X13814,Accident,ANC94LA026,1993-12-12,"PORT LIONS, AK",United States,Non-Fatal,Substantial,Airplane,N43527,Piper,PA-32,No,1.0,Reciprocating,Part 135: Air Taxi & Commuter,NSCH,Unknown,Peninsula Airways (dba: Penair),0.0,0.0,0.0,5.0,VMC,Landing,Probable Cause,19-03-2009
